{
  "fragments/editfragment.fragment.xml": 1687780553349,
  "controller/View1.controller.js": 1686411091346,
  "model/models.js": 1685172964606,
  "manifest.json": 1687782602805,
  "controller/DetailView.controller.js": 1687780815598,
  "controller/App.controller.js": 1685172964610,
  "Component.js": 1685172964602,
  "Component-preload.js": 1687782603191,
  "Component-dbg.js": 1685172964602,
  "controller/View1-dbg.controller.js": 1686411091346,
  "controller/DetailView-dbg.controller.js": 1687780815598,
  "controller/App-dbg.controller.js": 1685172964610,
  "model/models-dbg.js": 1685172964606,
  "view/View1.view.xml": 1686409730233,
  "view/DetailView.view.xml": 1687779504874,
  "view/App.view.xml": 1685172964614,
  "i18n/i18n.properties": 1685251503687,
  "fragments/display.fragment.xml": 1687779907463,
  "css/style.css": 1685172964614,
  "index.html": 1686576072755
}