{
  "fragments/display.fragment.xml": 1687782929509,
  "controller/App.controller.js": 1686664480676,
  "model/models.js": 1686664480676,
  "model/formatter.js": 1689245207578,
  "controller/View1.controller.js": 1689245460347,
  "controller/DetailView.controller.js": 1689239831485,
  "manifest.json": 1691158444365,
  "Component.js": 1686664480676,
  "Component-preload.js": 1691158444737,
  "controller/View1-dbg.controller.js": 1689245460347,
  "model/formatter-dbg.js": 1689245207578,
  "model/models-dbg.js": 1686664480676,
  "controller/DetailView-dbg.controller.js": 1689239831485,
  "controller/App-dbg.controller.js": 1686664480676,
  "Component-dbg.js": 1686664480676,
  "view/View1.view.xml": 1690782515336,
  "view/DetailView.view.xml": 1687782929509,
  "view/App.view.xml": 1686664480676,
  "fragments/editfragment.fragment.xml": 1687782929509,
  "i18n/i18n.properties": 1686664480676,
  "css/style.css": 1686664480676,
  "index.html": 1687418296250
}