{
  "model/models.js": 1686664480676,
  "Component.js": 1686664480676,
  "i18n/i18n.properties": 1686664480676,
  "controller/View1.controller.js": 1688126913433,
  "controller/DetailView.controller.js": 1689239831485,
  "controller/App.controller.js": 1686664480676,
  "manifest.json": 1689240717926,
  "Component-preload.js": 1689240718278,
  "Component-dbg.js": 1686664480676,
  "controller/View1-dbg.controller.js": 1688126913433,
  "controller/DetailView-dbg.controller.js": 1689239831485,
  "controller/App-dbg.controller.js": 1686664480676,
  "model/models-dbg.js": 1686664480676,
  "view/View1.view.xml": 1689239184181,
  "view/DetailView.view.xml": 1687782929509,
  "view/App.view.xml": 1686664480676,
  "fragments/editfragment.fragment.xml": 1687782929509,
  "fragments/display.fragment.xml": 1687782929509,
  "css/style.css": 1686664480676,
  "index.html": 1687418296250
}