{
  "i18n/i18n.properties": 1689141432204,
  "Component.js": 1689141432204,
  "model/models.js": 1689141432204,
  "model/formatter.js": 1689401947043,
  "controller/View1.controller.js": 1689401947043,
  "controller/DetailView.controller.js": 1689401947043,
  "controller/App.controller.js": 1689141432204,
  "manifest.json": 1690213295345,
  "Component-preload.js": 1690213295645,
  "model/formatter-dbg.js": 1689401947043,
  "model/models-dbg.js": 1689141432204,
  "controller/View1-dbg.controller.js": 1689401947043,
  "controller/DetailView-dbg.controller.js": 1689401947043,
  "controller/App-dbg.controller.js": 1689141432204,
  "Component-dbg.js": 1689141432204,
  "view/View1.view.xml": 1689401947043,
  "view/DetailView.view.xml": 1689141432204,
  "view/App.view.xml": 1689141432204,
  "css/style.css": 1689141432204,
  "fragments/editfragment.fragment.xml": 1689141432204,
  "fragments/display.fragment.xml": 1689141432204,
  "index.html": 1689141432204
}