{
  "controller/DetailView.controller.js": 1686412422238,
  "model/models.js": 1685172964606,
  "manifest.json": 1687418662962,
  "controller/View1.controller.js": 1686411091346,
  "i18n/i18n.properties": 1685251503687,
  "controller/App.controller.js": 1685172964610,
  "Component.js": 1685172964602,
  "Component-preload.js": 1687418663335,
  "Component-dbg.js": 1685172964602,
  "controller/View1-dbg.controller.js": 1686411091346,
  "controller/DetailView-dbg.controller.js": 1686412422238,
  "controller/App-dbg.controller.js": 1685172964610,
  "model/models-dbg.js": 1685172964606,
  "view/View1.view.xml": 1686409730233,
  "view/DetailView.view.xml": 1686412015847,
  "view/App.view.xml": 1685172964614,
  "css/style.css": 1685172964614,
  "index.html": 1686576072755
}