<core:FragmentDefinition xmlns="sap.m"
	xmlns:l="sap.ui.layout"
	xmlns:f="sap.ui.layout.form"
	xmlns:core="sap.ui.core">
	<VBox class="sapUiSmallMargin">
		<f:SimpleForm id="displaySimpleform" editable="false" layout="ResponsiveGridLayout" title="Book Details" labelSpanXL="4" labelSpanL="3" labelSpanM="4" labelSpanS="12" adjustLabelSpan="false" emptySpanXL="0" emptySpanL="4" emptySpanM="0" emptySpanS="0" columnsXL="2" columnsL="1" columnsM="1" singleContainerFullSize="false">
			<f:content>
				<Label id="_IDGenLabel1" text="ID"/>
				<Text id="_IDGenText1" text="{ID}"/>
				<Label id="_IDGenLabel2" text="Title"/>
				<Text id="_IDGenText2" text="{title}"/>
				<Label id="_IDGenLabel3" text="Author"/>
				<Text id="_IDGenText3" text="{author}"/>
				<Label id="_IDGenLabel4" text="Price"/>
				<Text id="_IDGenText4" text="{price}"/>
			</f:content>
		</f:SimpleForm>
	</VBox>

</core:FragmentDefinition>